iteration,method,residual
0,newton_raphson,0.125
1,newton_raphson,0.0021369277554046384
2,newton_raphson,5.893874259754739e-07
3,newton_raphson,4.529709940470639e-14
0,secant,2.0
1,secant,4.0
2,secant,0.9629629629629624
3,secant,0.3333388747951045
4,secant,0.05862641770944954
5,secant,0.0026933002019968733
6,secant,2.0150192387102805e-05
7,secant,7.015477976324291e-09
8,secant,1.84297022087776e-14
0,bisection,0.125
1,bisection,1.609375
2,bisection,0.666015625
3,bisection,0.252197265625
4,bisection,0.059112548828125
5,bisection,0.034053802490234375
6,bisection,0.012250423431396484
7,bisection,0.010971248149871826
8,bisection,0.0006221756339073181
9,bisection,0.005178886465728283
10,bisection,0.002279443317092955
11,bisection,0.0008289058605441824
12,bisection,0.0001034331235132413
13,bisection,0.0002593542519662151
14,bisection,7.795631350404619e-05
15,bisection,1.2739467674549587e-05
16,bisection,3.260815724592803e-05
17,bisection,9.934278368817218e-06
18,bisection,1.402611257361741e-06
19,bisection,4.265829404825894e-06
20,bisection,1.4316080361176375e-06
21,bisection,1.4498129807805071e-08
22,bisection,6.940566286139926e-07
23,bisection,3.3977926561234995e-07
24,bisection,1.6264057167703072e-07
25,bisection,7.407122204483585e-08
26,bisection,2.978654611851539e-08
27,bisection,7.644208377399764e-09
28,bisection,3.4269609372472587e-09
29,bisection,2.1086234980316476e-09
30,bisection,6.591687196078055e-10
31,bisection,7.24727389211921e-10
32,bisection,3.277955684666267e-11
33,bisection,3.131943593359665e-10
34,bisection,1.4020740124465192e-10
35,bisection,5.3713922198994624e-11
36,bisection,1.0467182676165976e-11
37,bisection,1.1155965040643423e-11
38,bisection,3.446132268436486e-13
